<?xml version="1.0" encoding="UTF-8"?><Entities>
  <ExtensionPackages>
    <ExtensionPackage dependsOn="" description="" minimumThingWorxVersion="6.0.0" name="PlotlyChartingKit" packageVersion="1.0.192" vendor="Thingworx Labs"/>
  </ExtensionPackages>
  <Widgets>
    <Widget name="plotlychartingkit">
      <UIResources>
        <FileResource description="" file="plotlysdk.ide.css" isDevelopment="true" isRuntime="false" type="CSS"/>
        <FileResource description="" url="https://cdn.plot.ly/plotly-latest.min.js" isDevelopment="true" isRuntime="true" type="JS"/>
        <FileResource type="JS" file="plotlychartingkit.runtime.min.js" description="" isDevelopment="false" isRuntime="true"/>
        <FileResource type="JS" file="plotlychartingkit.ide.min.js" description="" isDevelopment="true" isRuntime="false"/>
      </UIResources>
    </Widget>
  </Widgets>
</Entities>
