<?xml version="1.0" encoding="UTF-8" standalone="no"?>
<Entities>
    <ExtensionPackages>
        <ExtensionPackage dependsOn="" description="" minimumThingWorxVersion="6.0.0" name="PlotlyChartingKit" packageVersion="1.0.87" vendor="Thingworx Labs"> 
        </ExtensionPackage>
    </ExtensionPackages>
    <Widgets>
        <Widget name="plotlychartingkit">
            <UIResources>
                <FileResource description="" file="chartingkit.js" isDevelopment="true" isRuntime="true" type="JS"/>
                <FileResource description="" file="plotly-1.4.52.min.js" isDevelopment="true" isRuntime="true" type="JS"/>
            </UIResources>
        </Widget>
    </Widgets>
</Entities>
